EmpID,FirstName,LastName,Title
3550,Charlie,Atkinson,Area Sales Manager
3842,Kyla,Durham,Enterprise Architect
3720,Crystal,Brandt,Production Technician II
3651,Jeremy,Meyer,Production Technician II
3554,Lizeth,Holland,Area Sales Manager
3858,Bailey,Humphrey,IT Support
3442,Kaylah,Moon,Area Sales Manager
3898,Anaya,Preston,Sr. Network Engineer
3896,Korbin,Gilbert,IT Support
3595,Fisher,Stafford,Production Technician I
3551,Emery,Roach,Area Sales Manager
3725,Ryker,Cox,Production Technician I
3603,Houston,Aguirre,Production Technician II
3924,Walter,Zuniga,Sr. Network Engineer
3698,Julien,Banks,Production Technician II
3909,Rebecca,Park,IT Support
3714,Aleena,Mercer,Production Technician I
3497,Graham,Rodriguez,Area Sales Manager
3434,Sharlene,Terry,Area Sales Manager
3653,Bridget,Bray,Production Technician I
3672,Rhett,Valenzuela,Production Technician II
3818,Carlos,Merlos,Network Engineer
3922,Kaitlin,Hickman,IT Support
3517,Milagros,Francis,Area Sales Manager
3494,Cohen,Raymond,Area Sales Manager
3444,Bobby,Rodgers,Area Sales Manager
3656,Francesca,Mcmahon,Production Technician I
3748,Aron,Ali,Production Technician I
3644,Madisyn,Andrews,Production Technician I
3427,Uriah,Bridges,Production Technician I
3467,Celia,Curtis,Area Sales Manager
3507,Ivan,Huff,Area Sales Manager
3593,Brayden,Malone,Production Technician I
3848,Nathaly,Huffman,IT Support
3893,Lukas,Freeman,IT Support
3599,Elaine,Weeks,Production Technician II
3855,Brady,Yoder,Network Engineer
3493,Hugo,Clay,Area Sales Manager
3658,Emery,Gillespie,Production Technician I
3518,Roberto,Michael,Area Sales Manager
3768,Morgan,Blackwell,Production Technician I
3548,Sanaa,Glass,Area Sales Manager
3477,Sonny,Horne,Area Sales Manager
3745,Jordan,Davis,Production Technician I
3707,Joshua,Mitchell,Production Technician I
3857,Jasper,Harrison,IT Support
3755,Maxwell,Howell,Production Technician I
3808,Maria,Gonzalez,IT Support
3903,Hezekiah,Thompson,Network Engineer
3772,Zoie,Rowland,Production Technician I
3650,Amirah,Stanley,Production Technician II
3879,Liam,Hanna,Network Engineer
3771,Marilyn,Smith,Production Technician I
3587,Quinn,Mccullough,Production Technician I
3430,Michael,Riordan,Area Sales Manager
3844,Edgar,Underwood,Network Engineer
3869,Damari,Brewer,IT Support
3847,Gilbert,Klein,IT Support
3590,Dominik,Mullen,Production Technician I
3929,Jeramiah,Foster,Network Engineer
3915,Rhys,Barry,Network Engineer
3665,Dalton,Bowen,Production Technician I
3652,Owen,Dillon,Production Technician I
3501,Garrett,Zimmerman,Area Sales Manager
3804,Brendon,Wilson,Production Technician I
3777,Kaitlin,Barker,Production Technician I
3810,Ann,Daniele,Sr. Network Engineer
3495,Tia,Ellis,Area Sales Manager
3515,Kinsley,Flowers,Area Sales Manager
3640,Kale,House,Production Technician I
3543,Rayne,Kerr,Area Sales Manager
3435,Jac,McKinzie,Area Sales Manager
3523,Rohan,Chapman,Area Sales Manager
3482,Cristal,Bolton,Area Sales Manager
3757,Salvatore,Noble,Production Technician I
3885,Armando,Macias,Sr. Network Engineer
3634,Keyon,Haley,Production Technician I
3469,Ryland,Shepherd,Area Sales Manager
3615,Martin,Weber,Production Technician I
3669,Tyler,Hines,Production Technician I
3579,Constance,Sloan,Production Technician II
3873,Eliezer,Stokes,Sr. Network Engineer
3431,Jasmine,Onque,Area Sales Manager
3704,Addisyn,Aguilar,Production Technician I
3526,Darius,Krause,Area Sales Manager
3527,Ahmed,Hawkins,Area Sales Manager
3560,Joanne,Handschiegl,Production Technician I
3618,Charlee,Roth,Production Technician I
3491,Lennon,Buchanan,Area Sales Manager
3792,Alexia,Pham,Production Technician I
3686,Carly,Figueroa,Production Technician I
3784,Ashton,Larsen,Production Technician I
3688,Brynn,Harding,Production Technician I
3636,Marc,Chandler,Production Technician I
3447,Mariela,Schultz,Area Sales Manager
3827,Frankie,Carrillo,IT Support
3712,Kyra,Ray,Production Technician I
3760,Ryan,Tate,Production Technician I
3616,Ruben,Lewis,Production Technician I
3463,Kayden,Dodson,Area Sales Manager
3864,Tiffany,Washington,Enterprise Architect
3901,Deven,Merritt,Network Engineer
3750,Micaela,Conner,Production Technician I
3718,Dalton,Frazier,Production Technician II
3601,Keagan,Henson,Production Technician II
3886,Britney,Kelly,Sr. Network Engineer
3682,Rene,Wallace,Production Technician I
3582,Augustus,Drake,Production Technician I
3866,Kaeden,Vargas,Network Engineer
3708,Case,Gaines,Production Technician I
3809,Jumil,Turpin,Network Engineer
3540,Maya,Mccann,Area Sales Manager
3535,Veronica,Rowe,Area Sales Manager
3739,Amir,Melendez,Production Technician II
3530,Zariah,Black,Area Sales Manager
3583,Gracelyn,Huynh,Production Technician I
3561,Dianna,Blount,Production Technician II
3758,Heath,Hodges,Production Technician I
3863,Eugene,Mueller,Principal Data Architect
3831,Payton,Cross,Enterprise Architect
3602,Helena,Davenport,Production Technician II
3880,Zara,Pitts,Network Engineer
3617,Bailey,Collier,Production Technician I
3794,Ayden,Chambers,Production Technician I
3637,Abdullah,Pruitt,Production Technician I
3833,Elise,Vazquez,Network Engineer
3668,Victoria,Allen,Production Technician I
3524,Emmanuel,Franklin,Area Sales Manager
3923,Giancarlo,Juarez,Sr. Network Engineer
3719,Cannon,Hester,Production Technician II
3519,Elaine,Ewing,Area Sales Manager
3541,Aaron,Weber,Area Sales Manager
3648,Keyon,Hensley,Production Technician II
3764,Cristal,Bradshaw,Production Technician II
3496,Aspen,Bentley,Area Sales Manager
3830,Mariana,Glass,Principal Data Architect
3770,Nayeli,Hood,Production Technician I
3925,Anna,Jordan,Sr. Network Engineer
3706,Mareli,Parker,Production Technician I
3742,Gabriel,Pearson,Production Technician II
3446,Hector,Dalton,Area Sales Manager
3926,Jeffery,Gamble,Sr. Network Engineer
3660,Aron,Hester,Production Technician I
3867,Lena,Sandoval,Network Engineer
3605,Emerson,Pitts,Production Technician I
3921,Alessandra,Lee,IT Support
3876,Alana,Castro,Principal Data Architect
3531,Ronnie,Mayer,Area Sales Manager
3716,Chaim,Chase,Production Technician II
3786,Kyleigh,Bauer,Production Technician II
3575,George,Johnson,Production Technician I
3591,Abdullah,Ellison,Production Technician I
3635,Kylee,Bates,Production Technician I
3895,Myah,Marsh,IT Support
3801,Jaydan,Neal,Production Technician I
3619,Karissa,Bowers,Production Technician I
3439,Bartholemew,Khemmich,Area Sales Manager
3887,Emanuel,Haas,Sr. Network Engineer
3710,Dean,Middleton,Production Technician I
3429,Edward,Buck,Area Sales Manager
3571,Marilyn,Linares,Production Technician I
3819,Tanya,Morway,Network Engineer
3905,Alayna,Hess,Network Engineer
3724,Essence,Schwartz,Production Technician I
3687,Bria,Mcpherson,Production Technician I
3528,Kymani,Benjamin,Area Sales Manager
3849,Nancy,Clay,IT Support
3796,Jefferson,White,Production Technician I
3846,Eugene,Potts,IT Support
3662,Hugh,Berry,Production Technician I
3856,Darwin,Allen,Network Engineer
3437,Myriam,Givens,Area Sales Manager
3788,Maxim,Houston,Production Technician II
3813,Alejandro,Bacong,IT Support
3449,Gerald,Preston,Area Sales Manager
3597,Brenton,Monroe,Production Technician II
3626,Raphael,Sandoval,Production Technician II
3811,Joe,South,Sr. Network Engineer
3646,Brenton,Rodriguez,Production Technician II
3545,Ryann,Rubio,Area Sales Manager
3611,Rowan,Cobb,Production Technician I
3670,Sandra,Atkinson,Production Technician II
3824,Derek,Holmes,IT Support
3462,Aliana,Nolan,Area Sales Manager
3881,Abby,Woodward,IT Support
3459,Saniya,Yu,Area Sales Manager
3826,Sabrina,Durham,IT Support
3766,Elisa,Henry,Production Technician II
3756,Junior,Bridges,Production Technician I
3625,Gabriel,Dodson,Production Technician II
3678,Ramon,Fleming,Production Technician I
3933,Laylah,Branch,IT Support
3546,Paris,Carr,Area Sales Manager
3861,Lizbeth,Hunt,Sr. Network Engineer
3589,Giovani,Roy,Production Technician I
3558,Mildred,Gentry,Production Technician I
3645,Madyson,Rhodes,Production Technician I
3860,Amy,Sherman,IT Support
3802,Amiyah,Ramirez,Production Technician I
3702,Justice,Branch,Production Technician I
3520,Caiden,Munoz,Area Sales Manager
3851,Vance,Marquez,Sr. Network Engineer
3483,Jaslene,Harding,Area Sales Manager
3829,Jaqueline,Pittman,Sr. Network Engineer
3458,Cory,Robinson,Area Sales Manager
3728,Aydan,Robbins,Production Technician I
3555,Matilda,Randall,Area Sales Manager
3607,Frankie,Atkins,Production Technician I
3722,Nehemiah,Hancock,Production Technician I
3514,Alexus,Estes,Area Sales Manager
3598,Derick,Rocha,Production Technician II
3853,Rey,Monroe,Enterprise Architect
3621,Victoria,Franco,Production Technician I
3440,Xana,Potts,Area Sales Manager
3882,Litzy,Esparza,IT Support
3508,Aidan,Harding,Area Sales Manager
3899,Eugene,Pena,Sr. Network Engineer
3563,Nore,Sadki,Production Technician I
3641,Kiersten,Ellis,Production Technician I
3542,Ellie,Gill,Area Sales Manager
3461,Lincoln,Compton,Area Sales Manager
3506,Laila,Woodard,Area Sales Manager
3564,Susan,Lundy,Production Technician II
3485,Jaiden,Johnson,Area Sales Manager
3627,Ruth,Harrell,Production Technician II
3778,Semaj,Griffith,Production Technician I
3569,Beatrice,Chace,Production Technician I
3457,Milton,Wall,Area Sales Manager
3735,Chace,Gray,Production Technician I
3843,Cassidy,Maddox,Sr. DBA
3684,Noelle,Levy,Production Technician I
3754,Arielle,Potts,Production Technician I
3473,Chaim,Mata,Area Sales Manager
3817,Linda,Dolan,IT Support
3700,Brenden,Nash,Production Technician I
3785,Joshua,Gibson,Production Technician II
3432,Maruk,Fraval,Area Sales Manager
3499,Maci,Frost,Area Sales Manager
3738,Kaitlynn,Blair,Production Technician II
3443,Kristen,Tate,Area Sales Manager
3917,Chris,Vincent,Network Engineer
3557,Nicholas,Obrien,Area Sales Manager
3438,Dheepa,Nguyen,Area Sales Manager
3759,Gabriella,Warner,Production Technician I
3578,Clinton,Owad,Production Technician I
3711,Marlene,Bates,Production Technician I
3795,Kaitlynn,Serrano,Production Technician I
3536,Aylin,Berg,Area Sales Manager
3683,Kai,Gaines,Production Technician I
3911,Vanessa,James,Sr. Network Engineer
3609,Kayleigh,Harmon,Production Technician I
3661,Reagan,Brennan,Production Technician I
3740,Monique,Buckley,Production Technician II
3464,James,Duke,Area Sales Manager
3900,Abel,Baker,Principal Data Architect
3629,Reginald,Lowery,Production Technician I
3433,Latia,Costa,Area Sales Manager
3456,Axel,Howe,Area Sales Manager
3914,Nathanial,Booth,Network Engineer
3930,Bruce,Wallace,Network Engineer
3455,Charity,Miranda,Area Sales Manager
3836,Marcos,Petty,IT Support
3647,Nathen,Arias,Production Technician II
3936,Donald,Favis,Enterprise Architect
3695,Cason,Neal,Production Technician II
3783,Aaliyah,Watts,Production Technician I
3874,Aspen,Reyes,Sr. Network Engineer
3920,Haley,Weaver,IT Support
3588,Selena,Greer,Production Technician I
3916,Jonas,Rowland,Network Engineer
3623,Jocelyn,Kline,Production Technician II
3503,Geovanni,Pugh,Area Sales Manager
3572,Timothy,Sullivan,Production Technician I
3474,Arely,Patton,Area Sales Manager
3577,Miguel,Estremera,Production Technician I
3674,Isabelle,Shields,Production Technician II
3845,Jaiden,Underwood,Network Engineer
3622,Danika,Fleming,Production Technician II
3510,Raven,Koch,Area Sales Manager
3553,Khalil,Mendez,Area Sales Manager
3828,Quintin,Solomon,Sr. Network Engineer
3516,Deborah,Love,Area Sales Manager
3840,Meadow,Boyer,Sr. Network Engineer
3884,Gilberto,Macdonald,IT Support
3592,Andre,Guzman,Production Technician I
3838,Tanya,Leonard,IT Support
3509,Cruz,Boyer,Area Sales Manager
3677,Dayami,Bailey,Production Technician I
3774,Ramiro,Savage,Production Technician I
3793,Roselyn,Roberts,Production Technician I
3586,Jaqueline,Terrell,Production Technician I
3585,Edward,Everett,Production Technician I
3584,Orlando,Armstrong,Production Technician I
3862,Eden,Armstrong,Sr. Network Engineer
3726,Averi,Stevenson,Production Technician I
3815,Neville,Tredinnick,Network Engineer
3883,Noemi,Brewer,IT Support
3928,Audrina,Yu,Network Engineer
3671,Simone,Hayes,Production Technician II
3638,Shamar,Roth,Production Technician I
3490,Weston,Preston,Area Sales Manager
3814,Jyoti,Lajiri,Sr. Network Engineer
3445,Reid,Park,Area Sales Manager
3691,Chace,Church,Production Technician I
3604,Kane,Owen,Production Technician II
3537,Neveah,Rowe,Area Sales Manager
3534,Lee,Frye,Area Sales Manager
3436,Joseph,Martins,Area Sales Manager
3835,Axel,Higgins,IT Support
3692,Zayne,Hunter,Production Technician I
3562,Jean,Crimmings,Production Technician I
3667,Leyla,Warren,Production Technician I
3790,Frankie,Figueroa,Production Technician II
3559,Wilson K,Adinolfi,Production Technician I
3892,Maxwell,Mcpherson,Network Engineer
3479,Sarai,Stone,Area Sales Manager
3613,Amirah,Johnson,Production Technician I
3633,Emma,Ware,Production Technician I
3594,Maribel,Morrison,Production Technician I
3744,Skyler,Blankenship,Production Technician I
3513,Damaris,Cisneros,Area Sales Manager
3859,Clare,English,IT Support
3807,Mayra,Moss,Production Technician I
3852,Dante,Wyatt,Principal Data Architect
3620,Noel,Ramirez,Production Technician I
3570,Adrienne J,Homberger,Production Technician II
3486,Brendon,Mcconnell,Area Sales Manager
3654,Cassius,Gates,Production Technician I
3675,Mario,Mays,Production Technician II
3498,Joel,Mcmillan,Area Sales Manager
3481,Leland,Allen,Area Sales Manager
3576,Angela,Erilus,Production Technician II
3697,Sonia,Skinner,Production Technician II
3791,Bentley,Rush,Production Technician I
3823,Alexzander,Pope,Network Engineer
3488,Willie,Patterson,Area Sales Manager
3452,Jaydon,Blackburn,Area Sales Manager
3565,Kramer,Keatts,Production Technician I
3894,Yesenia,Nielsen,IT Support
3798,Bryanna,Ibarra,Production Technician I
3749,Kayden,Soto,Production Technician I
3779,Damian,Burke,Production Technician I
3732,Orion,Ochoa,Production Technician I
3685,Kylie,Jimenez,Production Technician I
3854,Jayden,Mckee,Network Engineer
3736,Carsen,Wheeler,Production Technician I
3751,Arthur,Mitchell,Production Technician I
3787,Ramon,Schultz,Production Technician II
3812,Sarah,Warfield,Sr. Network Engineer
3466,Clayton,Walker,Area Sales Manager
3906,Amaris,Miller,IT Support
3816,Anthony,Cisco,IT Support
3470,Esteban,Gilbert,Area Sales Manager
3666,Davin,Peters,Production Technician I
3642,Karissa,Carrillo,Production Technician I
3689,Rashad,Wells,Production Technician I
3871,Kamari,Mcgrath,IT Support
3480,Jerimiah,Harmon,Area Sales Manager
3931,Giovani,Nelson,Network Engineer
3872,Lorena,Rice,IT Support
3663,Brandon,Anderson,Production Technician I
3729,Heaven,Walls,Production Technician I
3441,Prater,Jeremy,Area Sales Manager
3703,Addisyn,Guerrero,Production Technician I
3715,Jake,White,Production Technician I
3460,Alisa,James,Area Sales Manager
3701,Genesis,Coleman,Production Technician I
3820,Anita,Shepard,Network Engineer
3574,Anna,Von Massenbach,Production Technician I
3596,Kellen,Medina,Production Technician I
3699,Madelyn,Mcdonald,Production Technician I
3747,Gabriel,Kirk,Production Technician I
3752,Deven,Morse,Production Technician I
3937,Daniff,Hernandez,Database Administrator
3891,Brooklynn,Greene,Network Engineer
3730,Bobby,Chung,Production Technician I
3890,Alan,Holland,Network Engineer
3797,Maria,Grant,Production Technician I
3918,Myah,Waller,Network Engineer
3664,Diana,Garza,Production Technician I
3454,Leon,Beard,Area Sales Manager
3522,Marques,Armstrong,Area Sales Manager
3472,Nevaeh,Soto,Area Sales Manager
3552,Harper,Ramos,Area Sales Manager
3487,Kimora,Parsons,Area Sales Manager
3927,Misael,Hunter,Network Engineer
3680,Harrison,Hudson,Production Technician I
3821,Jeremiah,Semizoglou,Sr. Network Engineer
3468,Valentin,Reilly,Area Sales Manager
3573,Jennifer,Medeiros,Production Technician I
3690,Jaylene,Deleon,Production Technician I
3705,Marcos,Gallagher,Production Technician I
3767,Kale,Fischer,Production Technician I
3932,Ari,Anthony,IT Support
3556,Damien,Howe,Area Sales Manager
3775,Karma,Koch,Production Technician I
3533,Slade,Griffith,Area Sales Manager
3525,Clayton,Mccormick,Area Sales Manager
3878,Carter,Cook,Network Engineer
3904,Quintin,Fry,Network Engineer
3910,Caleb,Schneider,Sr. Network Engineer
3538,Keith,Baxter,Area Sales Manager
3608,Ally,Zhang,Production Technician I
3500,Nevaeh,Lucas,Area Sales Manager
3837,Mia,Cowan,IT Support
3913,Henry,Zimmerman,Sr. Network Engineer
3505,Amaya,Hicks,Area Sales Manager
3631,Shaniya,Becker,Production Technician I
3727,Katherine,Russo,Production Technician I
3643,Issac,Whitehead,Production Technician I
3832,Sloane,Rasmussen,Sr. DBA
3610,Kayley,Myers,Production Technician I
3492,Vicente,Merritt,Area Sales Manager
3630,Stephanie,Briggs,Production Technician I
3765,Guadalupe,Burke,Production Technician II
3721,Johnny,Goodman,Production Technician I
3450,Reilly,Moyer,Area Sales Manager
3806,Isabella,Wilkins,Production Technician I
3780,Jessie,Smith,Production Technician I
3709,Jacey,Reyes,Production Technician I
3773,Ann,Nguyen,Production Technician I
3539,Chaz,Bruce,Area Sales Manager
3566,Maliki,Moumanil,Production Technician II
3723,Elliana,Villanueva,Production Technician I
3649,Elisha,Ruiz,Production Technician II
3875,Rudy,Richardson,Sr. Network Engineer
3746,Bridget,Wu,Production Technician I
3580,Davion,Sanchez,Production Technician I
3612,Edward,Mann,Production Technician I
3731,Maximus,Fields,Production Technician I
3799,Sophie,Zavala,Production Technician I
3935,Arjun,Tyler,IT Support
3532,Marlon,Ford,Area Sales Manager
3655,Martha,Kemp,Production Technician I
3544,Samara,Mcbride,Area Sales Manager
3448,Angela,Molina,Area Sales Manager
3484,Albert,Gonzalez,Area Sales Manager
3761,Hazel,Vincent,Production Technician II
3600,Marely,Dixon,Production Technician II
3912,Maribel,Copeland,Sr. Network Engineer
3673,Lane,Zuniga,Production Technician II
3676,Leah,Robinson,Production Technician I
3888,Karlie,Drake,Principal Data Architect
3865,Sloane,Moss,Network Engineer
3834,Monique,Pierce,Network Engineer
3877,Oscar,Lopez,Network Engineer
3679,Pedro,Harrison,Production Technician I
3753,George,Villegas,Production Technician I
3782,Brody,House,Production Technician I
3934,Alanna,Mullins,IT Support
3776,Jacqueline,Hendrix,Production Technician I
3763,Giancarlo,Cross,Production Technician II
3628,Peyton,Barber,Production Technician II
3737,Arielle,Escobar,Production Technician I
3841,Paris,Simpson,Principal Data Architect
3713,Melanie,Kennedy,Production Technician I
3428,Paula,Small,Production Technician I
3907,Barrett,Wilcox,IT Support
3908,Kimberly,Watson,IT Support
3781,Hezekiah,Cummings,Production Technician I
3657,Lorelei,Walls,Production Technician I
3529,Callum,Mcdaniel,Area Sales Manager
3769,Ivan,Wright,Production Technician I
3581,Ross,Strickland,Production Technician I
3897,Jenna,Maddox,Sr. Network Engineer
3696,Aldo,Dyer,Production Technician II
3632,Ryan,Oconnell,Production Technician I
3624,Cesar,Higgins,Production Technician II
3489,Devyn,Powers,Area Sales Manager
3694,Nickolas,West,Production Technician II
3475,Vance,Trujillo,Area Sales Manager
3465,Willow,Stuart,Area Sales Manager
3743,Mercedes,Cook,Production Technician I
3502,Eugene,Marks,Area Sales Manager
3889,Myla,Mullen,Network Engineer
3681,Taniya,Lane,Production Technician I
3762,Gavyn,Riggs,Production Technician II
3734,Lindsey,Rocha,Production Technician I
3478,Thomas,Chandler,Area Sales Manager
3938,Lori,Roby,Data Analyst
3868,Adrien,Olsen,Network Engineer
3547,Adriel,Wiggins,Area Sales Manager
3717,Keshawn,Le,Production Technician II
3521,Jocelyn,Bradford,Area Sales Manager
3741,Clark,Blanchard,Production Technician II
3639,Jaylen,Acosta,Production Technician I
3614,Bridget,Deleon,Production Technician I
3512,Tyrone,Sosa,Area Sales Manager
3902,Hadassah,Moran,Network Engineer
3803,Kai,Holt,Production Technician I
3870,Annalise,Gross,IT Support
3476,Charlie,Koch,Area Sales Manager
3606,Clarissa,Winters,Production Technician I
3733,Halle,Boyd,Production Technician I
3850,Kylie,Cantrell,Sr. Network Engineer
3805,Nancy,Short,Production Technician I
3659,Kaylee,Baldwin,Production Technician I
3568,Quinn,Rarrick,Production Technician I
3825,Danika,Deleon,IT Support
3451,Carlee,French,Area Sales Manager
3839,Dereon,Page,Sr. Network Engineer
3549,Ryan,Lynch,Area Sales Manager
3511,Karli,Barker,Area Sales Manager
3919,Yaritza,Sherman,IT Support
3504,Javon,Kelley,Area Sales Manager
3567,Nader,Barton,Production Technician I
3822,Katrina,Lambert,Network Engineer
3453,Bridger,Carter,Area Sales Manager
3471,Jonathan,Adkins,Area Sales Manager
3693,Amya,Vega,Production Technician II
3789,Deanna,Sellers,Production Technician II
3800,Amya,Grant,Production Technician I
